id,name,tail_high,tail_low,ear_high,ear_low,nose_high,nose_low,time_stamp,latitude,longitude,only_in_version_1
2,spike,95,32,248,365,827,505,2/2/2018 11:59:00 AM,77.5498974,88.6964536,2
4,babycat,63,83,339,262,620,720,4/2/2018 11:59:00 AM,36.6354484,90.5033301,4
6,WINSTON,50,57,275,159,852,579,6/2/2018 11:59:00 AM,80.1045926,70.1437285,6
8,ANGEL,72,63,305,372,882,712,5/2/2018 11:59:00 AM,67.5664208,98.7961406,8
9,BAXTER,28,63,275,258,976,766,9/2/2018 11:59:00 AM,25.1885815,61.3746069,9
10,EMMA,85,3,431,343,667,548,10/2/2018 11:59:00 AM,1.1819144,70.8762693,10
11,GIZMO,65,73,318,370,859,734,10/2/2018 11:59:00 AM,66.3872157,93.2826303,11
13,CHANCE,44,80,487,383,829,745,1/2/2018 11:59:00 AM,44.755717,75.7820111,13
14,CHEWY,69,41,415,236,717,714,2/2/2018 11:59:00 AM,9.8044521,56.9559359,14
17,MADDIE,72,53,317,356,717,543,5/2/2018 11:59:00 AM,0.7190141,58.1542557,17
18,OTIS,61,76,449,372,929,602,6/2/2018 11:59:00 AM,50.5280406,66.8782732,18
19,RAVEN,27,41,175,366,772,934,7/2/2018 11:59:00 AM,27.1106307,81.4534908,19
20,TEDDY,92,26,434,277,544,997,8/2/2018 11:59:00 AM,45.3258282,63.3999299,20
21,BO,39,97,224,498,818,853,9/2/2018 11:59:00 AM,55.0523023,90.5288722,21
23,MAX,6,21,461,124,718,664,11/2/2018 11:59:00 AM,40.9976654,82.0839756,23
28,LUNA,96,88,257,482,659,873,4/2/2018 11:59:00 AM,14.4987513,73.2499842,28
33,GINGER,7,0,418,408,572,877,9/2/2018 11:59:00 AM,53.2160791,79.6481806,33
36,ABBY,12,30,251,300,824,597,12/2/2018 11:59:00 AM,25.5316243,86.8629361,36
37,BEAR,72,76,264,470,890,851,1/2/2018 11:59:00 AM,74.0668943,79.3300257,37
38,LILY,91,33,404,166,611,663,2/2/2018 11:59:00 AM,28.4248963,88.1163482,38
39,DUKE,16,16,140,495,807,646,3/2/2018 11:59:00 AM,52.6936586,72.505288,39
46,TOBY,59,56,256,500,689,655,10/2/2018 11:59:00 AM,78.5175084,52.961951,46
47,JAKE,54,21,211,269,568,670,11/2/2018 11:59:00 AM,64.673362,87.7937482,47
48,LOKI,55,1,303,339,517,544,12/2/2018 11:59:00 AM,38.5096647,55.6357958,48
56,LOLA,28,47,354,138,917,819,5/2/2018 11:59:00 AM,45.5895159,88.0033008,56
57,ROSIE,42,30,492,325,765,949,9/2/2018 11:59:00 AM,72.2852523,50.1577447,57
59,COCO,64,91,383,451,655,924,10/2/2018 11:59:00 AM,86.1348432,79.0613652,59
62,BANDIT,24,60,483,358,926,839,2/2/2018 11:59:00 AM,90.1167097,86.3713563,62
63,GRACIE,16,69,107,426,567,656,3/2/2018 11:59:00 AM,41.7625078,72.8792183,63
64,JASPER,70,12,224,454,773,592,4/2/2018 11:59:00 AM,91.6690652,70.5172582,64
67,YUKON,60,13,200,294,987,789,7/2/2018 11:59:00 AM,54.0070098,78.5484724,67
70,BUSTER,40,59,246,235,913,654,10/2/2018 11:59:00 AM,16.1595056,76.7963211,70
72,MARLEY,45,62,413,369,603,806,12/2/2018 11:59:00 AM,90.0889951,55.9426957,72
73,SCOUT,6,13,278,492,536,817,1/2/2018 11:59:00 AM,36.9029413,87.8675025,73
74,BENTLEY,18,18,206,231,891,859,2/2/2018 11:59:00 AM,89.2330528,57.6084275,74
75,DIESEL,27,90,465,426,721,571,6/2/2018 11:59:00 AM,46.1166571,69.1365775,75
76,KONA,5,74,140,261,995,937,4/2/2018 11:59:00 AM,54.2159461,79.7534689,76
77,RUGER,91,1,427,181,602,884,5/2/2018 11:59:00 AM,53.8678039,75.0440268,77
78,THOR,27,73,414,313,612,653,6/2/2018 11:59:00 AM,19.082718,73.2608104,78
79,ZEUS,26,60,384,129,628,853,7/2/2018 11:59:00 AM,65.0007237,64.7195832,79
80,ATHENA,59,88,123,247,752,793,5/2/2018 11:59:00 AM,81.9486609,63.2430463,80
81,ELLIE,36,87,300,118,709,705,9/2/2018 11:59:00 AM,65.8737225,76.4003129,81
82,FINN,89,12,451,476,563,855,10/2/2018 11:59:00 AM,17.3542589,98.1738588,82
83,LILLY,94,19,110,344,829,853,10/2/2018 11:59:00 AM,97.5684565,95.6281736,83
85,TITAN,85,75,399,434,853,708,1/2/2018 11:59:00 AM,87.9388025,53.2502787,85
87,DAKOTA,81,14,223,171,651,723,3/2/2018 11:59:00 AM,7.7998217,66.8832042,87
88,KISKA,47,23,430,126,912,942,4/2/2018 11:59:00 AM,65.125412,65.9963795,88
89,LEO,67,85,306,300,998,744,5/2/2018 11:59:00 AM,32.5313438,74.4160545,89
91,MURPHY,57,73,221,237,694,540,7/2/2018 11:59:00 AM,24.3548974,65.0029287,91
92,OSCAR,12,69,227,468,664,720,8/2/2018 11:59:00 AM,20.2478668,59.1289305,92
93,SASHA,23,86,107,330,985,549,9/2/2018 11:59:00 AM,9.511278,69.1562147,93
97,NALA,90,53,427,205,554,788,1/2/2018 11:59:00 AM,84.9229431,69.9110007,97
99,RANGER,66,29,472,156,857,631,6/2/2018 11:59:00 AM,97.7035374,89.5957927,99
101,spike,96,33,249,366,828,506,5/2/2018 11:59:00 AM,88.3653252,50.1800041,101
103,babycat,64,84,340,263,621,721,7/2/2018 11:59:00 AM,72.0387942,63.3904937,103
105,WINSTON,51,58,276,160,853,580,9/2/2018 11:59:00 AM,50.6370466,50.5441217,105
107,ANGEL,73,64,306,373,883,713,10/2/2018 11:59:00 AM,65.0020555,54.3290446,107
110,GIZMO,66,74,319,371,860,735,2/2/2018 11:59:00 AM,4.5621039,88.874011,110
111,HAZEL,100,56,286,295,520,865,3/2/2018 11:59:00 AM,48.5473228,58.9753503,111
114,HUNTER,4,101,376,187,826,674,6/2/2018 11:59:00 AM,10.9362743,88.9685128,114
119,TEDDY,93,27,435,278,545,998,11/2/2018 11:59:00 AM,77.919587,94.3472885,119
122,MAX,7,22,462,125,719,665,2/2/2018 11:59:00 AM,43.9691848,50.3444001,122
123,SADIE,56,40,320,241,865,954,6/2/2018 11:59:00 AM,12.2283466,78.1995307,123
124,LUCY,16,31,371,178,779,782,4/2/2018 11:59:00 AM,23.2316855,75.2643553,124
125,BAILEY,87,53,428,215,889,574,5/2/2018 11:59:00 AM,41.648595,59.4913001,125
127,LUNA,97,89,258,483,660,874,7/2/2018 11:59:00 AM,97.4148698,75.3149736,127
128,CHARLIE,66,96,281,309,765,860,5/2/2018 11:59:00 AM,74.8123384,63.7026434,128
129,MAGGIE,5,35,396,282,713,859,9/2/2018 11:59:00 AM,57.6456958,74.4619269,129
130,MOLLY,74,33,152,443,837,687,10/2/2018 11:59:00 AM,67.7262725,78.6367593,130
132,GINGER,8,1,419,409,573,878,12/2/2018 11:59:00 AM,31.6879356,54.2758246,132
134,WILLOW,45,65,424,480,669,955,2/2/2018 11:59:00 AM,32.7454074,58.1407535,134
135,ABBY,13,31,252,301,825,598,3/2/2018 11:59:00 AM,39.0877911,90.0206974,135
136,BEAR,73,77,265,471,891,852,4/2/2018 11:59:00 AM,99.3440684,54.9405783,136
137,LILY,92,34,405,167,612,664,5/2/2018 11:59:00 AM,42.8503073,56.0624052,137
139,KODA,30,95,262,355,860,868,7/2/2018 11:59:00 AM,12.0599652,56.7602911,139
140,ROCKY,26,92,170,179,846,812,8/2/2018 11:59:00 AM,4.9904513,96.7875831,140
143,HARLEY,42,45,342,233,858,530,11/2/2018 11:59:00 AM,7.17626,56.2933948,143
145,TOBY,60,57,257,501,690,656,1/2/2018 11:59:00 AM,18.3143326,99.8557002,145
147,LOKI,56,2,304,340,518,545,6/2/2018 11:59:00 AM,73.5268416,97.2982662,147
150,LUCKY,86,81,448,387,772,979,6/2/2018 11:59:00 AM,97.2551805,95.32175,150
155,LOLA,29,48,355,139,918,820,10/2/2018 11:59:00 AM,34.6096141,85.2005078,155
157,PEPPER,87,95,208,359,843,605,1/2/2018 11:59:00 AM,85.2260151,74.4352062,157
158,COCO,65,92,384,452,656,925,2/2/2018 11:59:00 AM,49.9351402,73.7455196,158
159,GUS,12,54,439,168,706,654,3/2/2018 11:59:00 AM,71.4086524,69.9472415,159
160,LADY,18,44,140,227,682,544,4/2/2018 11:59:00 AM,36.2556061,88.8101911,160
162,GRACIE,17,70,108,427,568,657,6/2/2018 11:59:00 AM,42.9706987,97.3858888,162
167,ZOEY,34,94,287,162,657,781,11/2/2018 11:59:00 AM,87.3719328,65.5437949,167
168,ANNIE,85,94,113,105,617,530,12/2/2018 11:59:00 AM,93.8401125,65.0095557,168
173,BENTLEY,19,19,207,232,892,860,5/2/2018 11:59:00 AM,54.7627171,57.7110962,173
175,KONA,6,75,141,262,996,938,7/2/2018 11:59:00 AM,62.5936537,75.5084489,175
178,ZEUS,27,61,385,130,629,854,10/2/2018 11:59:00 AM,82.3015202,71.3038917,178
179,ATHENA,60,89,124,248,753,794,10/2/2018 11:59:00 AM,82.3109537,93.9505828,179
181,FINN,90,13,452,477,564,856,1/2/2018 11:59:00 AM,48.0913227,74.3339783,181
183,MILO,4,38,383,247,740,601,3/2/2018 11:59:00 AM,30.7143484,66.5466864,183
184,TITAN,86,76,400,435,854,709,4/2/2018 11:59:00 AM,85.9372187,68.1240544,184
186,DAKOTA,82,15,224,172,652,724,6/2/2018 11:59:00 AM,69.7009558,94.2819893,186
187,KISKA,48,24,431,127,913,943,7/2/2018 11:59:00 AM,58.0904463,90.0937832,187
189,MINNIE,63,92,215,101,516,893,9/2/2018 11:59:00 AM,34.6308199,98.7889265,189
190,MURPHY,58,74,222,238,695,541,10/2/2018 11:59:00 AM,54.2842734,58.0886237,190
191,OSCAR,13,70,228,469,665,721,11/2/2018 11:59:00 AM,71.4316384,80.5687261,191
194,KODIAK,10,93,271,325,590,627,2/2/2018 11:59:00 AM,55.7222845,61.8128779,194
197,OLIVER,3,26,451,345,798,740,5/2/2018 11:59:00 AM,4.4517054,61.8181151,197
198,RANGER,67,30,473,157,858,632,6/2/2018 11:59:00 AM,77.4388826,97.6750233,198
199,slim,28,20,102,197,830,816,7/2/2018 11:59:00 AM,60.5805458,84.6393787,199
200,spike,97,34,250,367,829,507,5/2/2018 11:59:00 AM,16.7023206,66.9178096,200
201,mamacat,77,79,368,184,960,959,9/2/2018 11:59:00 AM,31.7426839,59.2758273,201
204,WINSTON,52,59,277,161,854,581,12/2/2018 11:59:00 AM,10.6718391,94.7349032,204
205,ZOE,30,66,140,212,784,951,1/2/2018 11:59:00 AM,7.6823885,78.6619614,205
207,BAXTER,30,65,277,260,978,768,3/2/2018 11:59:00 AM,38.2431432,75.4491235,207
208,EMMA,87,5,433,345,669,550,4/2/2018 11:59:00 AM,74.5068748,55.1139763,208
210,HAZEL,101,57,287,296,521,866,6/2/2018 11:59:00 AM,10.621931,88.4214698,210
211,CHANCE,46,82,489,385,831,747,7/2/2018 11:59:00 AM,67.9551507,67.0376971,211
212,CHEWY,71,43,417,238,719,716,8/2/2018 11:59:00 AM,64.8370223,81.1750261,212
213,HUNTER,5,102,377,188,827,675,9/2/2018 11:59:00 AM,22.6905718,95.874955,213
214,JACKSON,52,58,285,408,784,827,10/2/2018 11:59:00 AM,37.2812105,63.6006289,214
216,OTIS,63,78,451,374,931,604,12/2/2018 11:59:00 AM,41.2659106,78.9122235,216
217,RAVEN,29,43,177,368,774,936,1/2/2018 11:59:00 AM,45.2881659,50.0992938,217
218,TEDDY,94,28,436,279,546,999,2/2/2018 11:59:00 AM,99.1165833,65.329752,218
221,MAX,8,23,463,126,720,666,5/2/2018 11:59:00 AM,15.001759,65.7409913,221
222,SADIE,57,41,321,242,866,955,6/2/2018 11:59:00 AM,52.2851505,54.5248047,222
224,BAILEY,88,54,429,216,890,575,5/2/2018 11:59:00 AM,26.2700113,93.7062468,224
227,CHARLIE,67,97,282,310,766,861,10/2/2018 11:59:00 AM,64.2232754,54.3039849,227
228,MAGGIE,6,36,397,283,714,860,12/2/2018 11:59:00 AM,62.0131445,96.3133868,228
229,MOLLY,75,34,153,444,838,688,1/2/2018 11:59:00 AM,91.0652716,57.2665657,229
233,WILLOW,46,66,425,481,670,956,5/2/2018 11:59:00 AM,1.424179,94.2278951,233
235,BEAR,74,78,266,472,892,853,7/2/2018 11:59:00 AM,60.0442594,89.3522693,235
239,ROCKY,27,93,171,180,847,813,11/2/2018 11:59:00 AM,97.2319588,55.3509236,239
241,KENAI,67,87,323,429,533,947,1/2/2018 11:59:00 AM,14.1780875,82.2931957,241
244,TOBY,61,58,258,502,691,657,4/2/2018 11:59:00 AM,6.9965201,66.6149564,244
245,JAKE,56,23,213,271,570,672,5/2/2018 11:59:00 AM,93.8268992,58.4881975,245
248,ROXY,96,44,361,143,968,627,5/2/2018 11:59:00 AM,41.5653816,77.1113481,248
250,PENNY,19,35,154,160,820,600,10/2/2018 11:59:00 AM,87.4439439,66.4968624,250
251,RILEY,99,12,165,297,865,948,10/2/2018 11:59:00 AM,59.9936049,59.0281893,251
254,LOLA,30,49,356,140,919,821,2/2/2018 11:59:00 AM,92.6954142,90.8053482,254
256,PEPPER,88,96,209,360,844,606,4/2/2018 11:59:00 AM,7.7610215,66.2705204,256
260,BANDIT,26,62,485,360,928,841,8/2/2018 11:59:00 AM,75.5064853,63.4879596,260
261,GRACIE,18,71,109,428,569,658,9/2/2018 11:59:00 AM,98.350085,86.5346539,261
264,STELLA,72,33,306,400,959,536,12/2/2018 11:59:00 AM,20.3691139,67.1333311,264
265,YUKON,62,15,202,296,989,791,1/2/2018 11:59:00 AM,12.2077547,98.3689407,265
266,ZOEY,35,95,288,163,658,782,2/2/2018 11:59:00 AM,58.1916962,50.1329533,266
268,BUSTER,42,61,248,237,915,656,4/2/2018 11:59:00 AM,17.4151609,76.2625186,268
270,MARLEY,47,64,415,371,605,808,6/2/2018 11:59:00 AM,7.5767356,81.1767807,270
271,SCOUT,8,15,280,494,538,819,7/2/2018 11:59:00 AM,60.0712321,93.2306375,271
272,BENTLEY,20,20,208,233,893,861,5/2/2018 11:59:00 AM,32.7395516,56.5311319,272
273,DIESEL,29,92,467,428,723,573,9/2/2018 11:59:00 AM,1.7319213,74.4509155,273
277,ZEUS,28,62,386,131,630,855,1/2/2018 11:59:00 AM,6.2638998,69.7932489,277
280,FINN,91,14,453,478,565,857,4/2/2018 11:59:00 AM,45.4556313,87.345546,280
283,TITAN,87,77,401,436,855,710,7/2/2018 11:59:00 AM,55.8544642,89.5997554,283
284,BLUE,16,93,225,380,996,737,8/2/2018 11:59:00 AM,9.4231841,80.9089832,284
285,DAKOTA,83,16,225,173,653,725,9/2/2018 11:59:00 AM,61.0161989,51.2614639,285
287,LEO,69,87,308,302,1000,746,11/2/2018 11:59:00 AM,22.3199652,92.8024872,287
288,MINNIE,64,93,216,102,517,894,12/2/2018 11:59:00 AM,59.7733417,97.2148105,288
290,OSCAR,14,71,229,470,666,722,2/2/2018 11:59:00 AM,33.4162806,88.0439055,290
296,OLIVER,4,27,452,346,799,741,5/2/2018 11:59:00 AM,32.1666217,99.5279693,296
297,RANGER,68,31,474,158,859,633,9/2/2018 11:59:00 AM,40.5572858,55.2406791,297
299,spike,98,35,251,368,830,508,10/2/2018 11:59:00 AM,53.9263503,56.8132637,299
301,babycat,66,86,342,265,623,723,1/2/2018 11:59:00 AM,14.480687,71.7250781,301
302,miko,24,8,144,125,872,823,2/2/2018 11:59:00 AM,35.1791519,57.7378405,302
303,WINSTON,53,60,278,162,855,582,3/2/2018 11:59:00 AM,29.0199967,59.9549797,303
304,ZOE,31,67,141,213,785,952,4/2/2018 11:59:00 AM,24.9818073,78.5347765,304
307,EMMA,88,6,434,346,670,551,7/2/2018 11:59:00 AM,5.4213015,88.8004491,307
308,GIZMO,68,76,321,373,862,737,8/2/2018 11:59:00 AM,68.7500423,83.8841357,308
312,HUNTER,6,103,378,189,828,676,12/2/2018 11:59:00 AM,35.7671263,89.878063,312
313,JACKSON,53,59,286,409,785,828,1/2/2018 11:59:00 AM,50.9669609,70.6646682,313
314,MADDIE,75,56,320,359,720,546,2/2/2018 11:59:00 AM,4.3512814,90.635552,314
315,OTIS,64,79,452,375,932,605,6/2/2018 11:59:00 AM,87.9226069,87.8618555,315
316,RAVEN,30,44,178,369,775,937,4/2/2018 11:59:00 AM,26.6448338,95.6869093,316
318,BO,42,100,227,501,821,856,6/2/2018 11:59:00 AM,97.7036847,54.4146445,318
319,BUDDY,89,102,472,241,928,903,7/2/2018 11:59:00 AM,20.1929068,74.9920891,319
320,MAX,9,24,464,127,721,667,5/2/2018 11:59:00 AM,68.2837821,54.2475921,320
321,SADIE,58,42,322,243,867,956,9/2/2018 11:59:00 AM,93.5836273,81.8471158,321
325,LUNA,99,91,260,485,662,876,1/2/2018 11:59:00 AM,25.6473497,66.588148,325
327,MAGGIE,7,37,398,284,715,861,3/2/2018 11:59:00 AM,5.9383736,63.7815099,327
328,MOLLY,76,35,154,445,839,689,4/2/2018 11:59:00 AM,82.2706257,60.2743353,328
330,GINGER,10,3,421,411,575,880,6/2/2018 11:59:00 AM,89.4548512,90.916662,330
331,JACK,66,74,203,201,814,842,7/2/2018 11:59:00 AM,89.9466704,97.5388868,331
333,ABBY,15,33,254,303,827,600,9/2/2018 11:59:00 AM,50.551276,79.0781172,333
336,DUKE,19,19,143,498,810,649,12/2/2018 11:59:00 AM,33.6239214,79.9485676,336
338,ROCKY,28,94,172,181,848,814,2/2/2018 11:59:00 AM,11.3405026,63.2854527,338
339,CHLOE,14,5,290,392,890,643,6/2/2018 11:59:00 AM,27.8865717,68.0916238,339
343,TOBY,62,59,259,503,692,658,7/2/2018 11:59:00 AM,36.4507833,55.8418833,343
347,ROXY,97,45,362,144,969,628,10/2/2018 11:59:00 AM,39.9819925,57.2968753,347
352,SOPHIE,79,48,415,434,608,544,4/2/2018 11:59:00 AM,87.7876986,67.5099027,352
353,LOLA,31,50,357,141,920,822,5/2/2018 11:59:00 AM,16.3133545,90.6542838,353
355,PEPPER,89,97,210,361,845,607,7/2/2018 11:59:00 AM,93.1300544,84.6285227,355
358,LADY,20,46,142,229,684,546,10/2/2018 11:59:00 AM,3.6742862,75.7748179,358
359,BANDIT,27,63,486,361,929,842,11/2/2018 11:59:00 AM,40.1249876,94.9005399,359
361,JASPER,73,15,227,457,776,595,1/2/2018 11:59:00 AM,27.808977,82.692959,361
363,STELLA,73,34,307,401,960,537,6/2/2018 11:59:00 AM,85.376855,65.2544906,363
366,ANNIE,87,96,115,107,619,532,6/2/2018 11:59:00 AM,85.3419086,89.506594,366
367,BUSTER,43,62,249,238,916,657,7/2/2018 11:59:00 AM,94.7195039,56.3591124,367
371,BENTLEY,21,21,209,234,894,862,10/2/2018 11:59:00 AM,71.228823,51.2668359,371
374,RUGER,94,4,430,184,605,887,2/2/2018 11:59:00 AM,16.0348744,67.0108281,374
376,ZEUS,29,63,387,132,631,856,4/2/2018 11:59:00 AM,61.4912362,93.3264392,376
383,BLUE,17,94,226,381,997,738,11/2/2018 11:59:00 AM,63.7227167,77.4979686,383
384,DAKOTA,84,17,226,174,654,726,12/2/2018 11:59:00 AM,6.0535482,64.8425455,384
385,KISKA,50,26,433,129,915,945,1/2/2018 11:59:00 AM,96.8589165,82.0735218,385
386,LEO,70,88,309,303,1001,747,2/2/2018 11:59:00 AM,75.3682924,57.9798052,386
387,MINNIE,65,94,217,103,518,895,6/2/2018 11:59:00 AM,54.8475676,79.9784145,387
391,TUCKER,87,41,285,342,621,664,7/2/2018 11:59:00 AM,18.749718,57.1884187,391
395,OLIVER,5,28,453,347,800,742,10/2/2018 11:59:00 AM,66.2581309,56.4648401,395
399,mamacat,79,81,370,186,962,961,3/2/2018 11:59:00 AM,80.1586805,78.4861778,399
400,babycat,67,87,343,266,624,724,4/2/2018 11:59:00 AM,87.503421,60.9754728,400
402,WINSTON,54,61,279,163,856,583,6/2/2018 11:59:00 AM,1.4472979,70.4052162,402
404,ANGEL,76,67,309,376,886,716,8/2/2018 11:59:00 AM,33.1152207,71.2513358,404
410,CHEWY,73,45,419,240,721,718,2/2/2018 11:59:00 AM,40.9646413,58.5566724,410
416,TEDDY,96,30,438,281,548,1001,5/2/2018 11:59:00 AM,59.6283022,92.597931,416
419,MAX,10,25,465,128,722,668,10/2/2018 11:59:00 AM,13.2281166,87.0294599,419
421,LUCY,19,34,374,181,782,785,1/2/2018 11:59:00 AM,24.3837673,99.8662191,421
422,BAILEY,90,56,431,218,892,577,2/2/2018 11:59:00 AM,49.5655335,77.1081799,422
423,DAISY,49,79,144,158,628,713,3/2/2018 11:59:00 AM,41.0347553,99.1946234,423
428,COOPER,88,79,434,352,845,697,8/2/2018 11:59:00 AM,46.7611622,52.4796182,428
429,GINGER,11,4,422,412,576,881,9/2/2018 11:59:00 AM,79.0222323,97.2131541,429
430,JACK,67,75,204,202,815,843,10/2/2018 11:59:00 AM,3.4462441,57.9988119,430
433,BEAR,76,80,268,474,894,855,1/2/2018 11:59:00 AM,33.0088627,96.4535049,433
434,LILY,95,37,408,170,615,667,2/2/2018 11:59:00 AM,63.9548465,76.1581265,434
436,KODA,33,98,265,358,863,871,4/2/2018 11:59:00 AM,57.7380677,92.966405,436
438,CHLOE,15,6,291,393,891,644,6/2/2018 11:59:00 AM,3.6493934,62.9244453,438
442,TOBY,63,60,260,504,693,659,10/2/2018 11:59:00 AM,12.1785489,64.919813,442
449,RILEY,101,14,167,299,867,950,5/2/2018 11:59:00 AM,34.5212061,98.9770109,449
450,SHADOW,87,69,431,200,566,738,6/2/2018 11:59:00 AM,18.7573882,98.6837324,450
454,PEPPER,90,98,211,362,846,608,10/2/2018 11:59:00 AM,42.5302272,59.1588121,454
456,GUS,15,57,442,171,709,657,12/2/2018 11:59:00 AM,84.7508956,89.8290298,456
461,PIPER,41,64,504,484,720,729,5/2/2018 11:59:00 AM,77.6456977,74.3570231,461
463,YUKON,64,17,204,298,991,793,7/2/2018 11:59:00 AM,52.630207,62.105761,463
464,ZOEY,37,97,290,165,660,784,5/2/2018 11:59:00 AM,52.8187627,54.6384171,464
466,BUSTER,44,63,250,239,917,658,10/2/2018 11:59:00 AM,19.1650506,77.2396619,466
468,MARLEY,49,66,417,373,607,810,12/2/2018 11:59:00 AM,13.7792326,87.0404786,468
469,SCOUT,10,17,282,496,540,821,1/2/2018 11:59:00 AM,43.8081146,67.6865831,469
470,BENTLEY,22,22,210,235,895,863,2/2/2018 11:59:00 AM,37.1681147,83.0925641,470
472,KONA,9,78,144,265,999,941,4/2/2018 11:59:00 AM,28.7023769,76.1581254,472
474,THOR,31,77,418,317,616,657,6/2/2018 11:59:00 AM,73.6158525,55.1750658,474
475,ZEUS,30,64,388,133,632,857,7/2/2018 11:59:00 AM,23.8732886,68.3236601,475
477,ELLIE,40,91,304,122,713,709,9/2/2018 11:59:00 AM,75.3666553,93.7331631,477
478,FINN,93,16,455,480,567,859,10/2/2018 11:59:00 AM,1.3739358,74.1142829,478
482,BLUE,18,95,227,382,998,739,2/2/2018 11:59:00 AM,79.8765817,94.2247123,482
484,KISKA,51,27,434,130,916,946,4/2/2018 11:59:00 AM,85.5687181,77.0007743,484
486,MINNIE,66,95,218,104,519,896,6/2/2018 11:59:00 AM,84.9773567,52.5513681,486
488,OSCAR,16,73,231,472,668,724,5/2/2018 11:59:00 AM,26.1814198,83.5326634,488
489,SASHA,27,90,111,334,989,553,9/2/2018 11:59:00 AM,64.0337373,50.098203,489
490,TUCKER,88,42,286,343,622,665,10/2/2018 11:59:00 AM,59.6835641,67.3289743,490
491,KODIAK,13,96,274,328,593,630,10/2/2018 11:59:00 AM,27.7616088,87.114002,491
492,LOUIE,52,63,277,495,766,795,12/2/2018 11:59:00 AM,43.8320411,59.0145663,492
493,NALA,94,57,431,209,558,792,1/2/2018 11:59:00 AM,31.2820339,76.5105463,493
494,OLIVER,6,29,454,348,801,743,2/2/2018 11:59:00 AM,75.5392954,98.6323119,494
495,RANGER,70,33,476,160,861,635,3/2/2018 11:59:00 AM,29.0521261,84.1498296,495
496,slim,31,23,105,200,833,819,4/2/2018 11:59:00 AM,49.8107218,99.3133555,496
497,spike,100,37,253,370,832,510,5/2/2018 11:59:00 AM,67.2231627,79.035585,497
499,babycat,68,88,344,267,625,725,7/2/2018 11:59:00 AM,87.3798089,90.5262977,499
500,miko,26,10,146,127,874,825,8/2/2018 11:59:00 AM,20.261736,60.2782375,500
501,WINSTON,55,62,280,164,857,584,9/2/2018 11:59:00 AM,68.9608646,98.6832157,501
502,ZOE,33,69,143,215,787,954,10/2/2018 11:59:00 AM,12.8625418,90.0619293,502
504,BAXTER,33,68,280,263,981,771,12/2/2018 11:59:00 AM,4.782815,56.2958848,504
506,GIZMO,70,78,323,375,864,739,2/2/2018 11:59:00 AM,92.8306417,63.5050108,506
507,HAZEL,104,60,290,299,524,869,6/2/2018 11:59:00 AM,57.3854706,50.6501187,507
508,CHANCE,49,85,492,388,834,750,4/2/2018 11:59:00 AM,26.9659414,77.9080794,508
511,JACKSON,55,61,288,411,787,830,7/2/2018 11:59:00 AM,68.7988209,93.1759999,511
512,MADDIE,77,58,322,361,722,548,5/2/2018 11:59:00 AM,12.5360053,68.2841242,512
513,OTIS,66,81,454,377,934,607,9/2/2018 11:59:00 AM,98.7194454,67.4985799,513
514,RAVEN,32,46,180,371,777,939,10/2/2018 11:59:00 AM,46.3712864,57.3630907,514
515,TEDDY,97,31,439,282,549,1002,10/2/2018 11:59:00 AM,25.8365276,75.9947073,515
517,BUDDY,91,104,474,243,930,905,1/2/2018 11:59:00 AM,97.4940087,83.7353329,517
519,SADIE,60,44,324,245,869,958,3/2/2018 11:59:00 AM,33.4889422,57.03223,519
520,LUCY,20,35,375,182,783,786,4/2/2018 11:59:00 AM,19.7121886,71.6557941,520
521,BAILEY,91,57,432,219,893,578,5/2/2018 11:59:00 AM,89.9521624,85.1283656,521
522,DAISY,50,80,145,159,629,714,6/2/2018 11:59:00 AM,78.6662812,56.4763774,522
524,CHARLIE,70,100,285,313,769,864,8/2/2018 11:59:00 AM,63.6625203,55.373433,524
525,MAGGIE,9,39,400,286,717,863,9/2/2018 11:59:00 AM,94.8035365,74.5228581,525
527,COOPER,89,80,435,353,846,698,11/2/2018 11:59:00 AM,51.7925955,70.889216,527
528,GINGER,12,5,423,413,577,882,12/2/2018 11:59:00 AM,70.5758815,80.3278632,528
532,BEAR,77,81,269,475,895,856,4/2/2018 11:59:00 AM,62.6012289,60.8546352,532
533,LILY,96,38,409,171,616,668,5/2/2018 11:59:00 AM,50.1019512,69.608177,533
536,ROCKY,30,96,174,183,850,816,5/2/2018 11:59:00 AM,77.4149575,79.93899,536
537,CHLOE,16,7,292,394,892,645,9/2/2018 11:59:00 AM,35.8053898,97.0991581,537
538,KENAI,70,90,326,432,536,950,10/2/2018 11:59:00 AM,3.810994,98.6272215,538
540,DENALI,85,55,216,480,825,930,12/2/2018 11:59:00 AM,94.0671396,81.153722,540
543,LOKI,60,6,308,344,522,549,3/2/2018 11:59:00 AM,34.0911047,76.4053033,543
547,PENNY,22,38,157,163,823,603,7/2/2018 11:59:00 AM,89.6026108,91.9427957,547
549,SHADOW,88,70,432,201,567,739,9/2/2018 11:59:00 AM,47.6928108,65.06252,549
550,SOPHIE,81,50,417,436,610,546,10/2/2018 11:59:00 AM,50.973381,51.0387518,550
551,LOLA,33,52,359,143,922,824,11/2/2018 11:59:00 AM,7.9659071,82.8405806,551
554,COCO,69,96,388,456,660,929,2/2/2018 11:59:00 AM,77.7768039,56.168957,554
555,GUS,16,58,443,172,710,658,6/2/2018 11:59:00 AM,70.006376,51.7122226,555
557,BANDIT,29,65,488,363,931,844,5/2/2018 11:59:00 AM,19.8606406,95.4560922,557
561,STELLA,75,36,309,403,962,539,9/2/2018 11:59:00 AM,67.938045,78.1583601,561
562,YUKON,65,18,205,299,992,794,10/2/2018 11:59:00 AM,23.7313831,52.2931094,562
563,ZOEY,38,98,291,166,661,785,10/2/2018 11:59:00 AM,2.8186685,89.9743374,563
565,BUSTER,45,64,251,240,918,659,1/2/2018 11:59:00 AM,78.7059603,83.2948772,565
566,SAM,53,48,463,402,834,541,2/2/2018 11:59:00 AM,19.0644228,77.9562828,566
570,DIESEL,32,95,470,431,726,576,6/2/2018 11:59:00 AM,82.5927235,54.8165576,570
571,KONA,10,79,145,266,1000,942,7/2/2018 11:59:00 AM,38.6563273,78.4326727,571
572,RUGER,96,6,432,186,607,889,8/2/2018 11:59:00 AM,85.6148407,51.6367429,572
573,THOR,32,78,419,318,617,658,9/2/2018 11:59:00 AM,52.4310566,91.4233903,573
574,ZEUS,31,65,389,134,633,858,10/2/2018 11:59:00 AM,56.3331788,65.7663503,574
576,ELLIE,41,92,305,123,714,710,12/2/2018 11:59:00 AM,1.4762862,73.4345435,576
578,LILLY,99,24,115,349,834,858,2/2/2018 11:59:00 AM,2.9757473,87.1592724,578
579,MILO,8,42,387,251,744,605,6/2/2018 11:59:00 AM,40.000197,89.0330839,579
580,TITAN,90,80,404,439,858,713,4/2/2018 11:59:00 AM,69.6653827,69.2018049,580
581,BLUE,19,96,228,383,999,740,5/2/2018 11:59:00 AM,2.7351366,94.8637542,581
586,MURPHY,62,78,226,242,699,545,10/2/2018 11:59:00 AM,83.9975449,56.151316,586
588,SASHA,28,91,112,335,990,554,12/2/2018 11:59:00 AM,23.5786409,83.9671557,588
592,NALA,95,58,432,210,559,793,4/2/2018 11:59:00 AM,71.3857883,83.0216321,592
593,OLIVER,7,30,455,349,802,744,5/2/2018 11:59:00 AM,43.9551549,78.817178,593
596,spike,101,38,254,371,833,511,8/2/2018 11:59:00 AM,52.8367256,93.4899824,596
598,babycat,69,89,345,268,626,726,10/2/2018 11:59:00 AM,82.1012357,80.2782368,598
599,miko,27,11,147,128,875,826,11/2/2018 11:59:00 AM,10.9868976,76.3430214,599
600,WINSTON,56,63,281,165,858,585,12/2/2018 11:59:00 AM,5.4182093,50.0798771,600
602,ANGEL,78,69,311,378,888,718,2/2/2018 11:59:00 AM,26.7468389,89.5937231,602
605,GIZMO,71,79,324,376,865,740,5/2/2018 11:59:00 AM,16.4060507,51.7466409,605
606,HAZEL,105,61,291,300,525,870,6/2/2018 11:59:00 AM,54.4154745,76.228354,606
608,CHEWY,75,47,421,242,723,720,5/2/2018 11:59:00 AM,66.2653847,84.0129682,608
609,HUNTER,9,106,381,192,831,679,9/2/2018 11:59:00 AM,29.9965924,80.0293949,609
613,RAVEN,33,47,181,372,778,940,1/2/2018 11:59:00 AM,26.9797262,80.1885405,613
614,TEDDY,98,32,440,283,550,1003,2/2/2018 11:59:00 AM,95.6851881,59.4886485,614
616,BUDDY,92,105,475,244,931,906,4/2/2018 11:59:00 AM,25.6101069,69.3702754,616
618,SADIE,61,45,325,246,870,959,6/2/2018 11:59:00 AM,11.9112767,59.6470239,618
620,BAILEY,92,58,433,220,894,579,8/2/2018 11:59:00 AM,60.6551638,60.8537124,620
623,CHARLIE,71,101,286,314,770,865,11/2/2018 11:59:00 AM,68.7903837,63.010495,623
624,MAGGIE,10,40,401,287,718,864,12/2/2018 11:59:00 AM,58.0214191,98.9122441,624
626,COOPER,90,81,436,354,847,699,2/2/2018 11:59:00 AM,1.3106153,69.3129668,626
627,GINGER,13,6,424,414,578,883,6/2/2018 11:59:00 AM,2.2992017,99.9750408,627
631,BEAR,78,82,270,476,896,857,7/2/2018 11:59:00 AM,41.7506919,90.454601,631
633,DUKE,22,22,146,501,813,652,9/2/2018 11:59:00 AM,32.4072816,71.7682092,633
634,KODA,35,100,267,360,865,873,10/2/2018 11:59:00 AM,30.6283301,58.2695839,634
636,CHLOE,17,8,293,395,893,646,12/2/2018 11:59:00 AM,6.9771107,66.9681611,636
638,HARLEY,47,50,347,238,863,535,2/2/2018 11:59:00 AM,81.2006311,67.9110191,638
641,JAKE,60,27,217,275,574,676,5/2/2018 11:59:00 AM,55.931106,80.2596226,641
643,RUBY,42,90,469,179,671,724,7/2/2018 11:59:00 AM,88.2395677,98.125125,643
644,ROXY,100,48,365,147,972,631,8/2/2018 11:59:00 AM,14.0980532,59.8390043,644
646,PENNY,23,39,158,164,824,604,10/2/2018 11:59:00 AM,71.6458645,93.8305973,646
647,RILEY,103,16,169,301,869,952,11/2/2018 11:59:00 AM,27.0916782,93.4141395,647
648,SHADOW,89,71,433,202,568,740,12/2/2018 11:59:00 AM,20.9687324,52.7413083,648
650,LOLA,34,53,360,144,923,825,2/2/2018 11:59:00 AM,63.849287,55.066045,650
652,PEPPER,92,100,213,364,848,610,4/2/2018 11:59:00 AM,16.5050645,92.0899659,652
653,COCO,70,97,389,457,661,930,5/2/2018 11:59:00 AM,69.4616592,73.6079682,653
656,BANDIT,30,66,489,364,932,845,5/2/2018 11:59:00 AM,20.1534429,81.3130925,656
660,STELLA,76,37,310,404,963,540,12/2/2018 11:59:00 AM,5.5700571,51.368151,660
661,YUKON,66,19,206,300,993,795,1/2/2018 11:59:00 AM,63.3125515,97.5410711,661
663,ANNIE,90,99,118,110,622,535,3/2/2018 11:59:00 AM,25.3803133,52.3577444,663
667,SCOUT,12,19,284,498,542,823,7/2/2018 11:59:00 AM,30.3327777,52.6168015,667
669,DIESEL,33,96,471,432,727,577,9/2/2018 11:59:00 AM,95.7499762,51.9329729,669
670,KONA,11,80,146,267,1001,943,10/2/2018 11:59:00 AM,84.6676361,94.9654117,670
671,RUGER,97,7,433,187,608,890,11/2/2018 11:59:00 AM,98.8722084,72.6167849,671
672,THOR,33,79,420,319,618,659,12/2/2018 11:59:00 AM,46.4176616,94.5662888,672
676,FINN,95,18,457,482,569,861,4/2/2018 11:59:00 AM,38.2456977,75.6118336,676
677,LILLY,100,25,116,350,835,859,5/2/2018 11:59:00 AM,3.811204,87.7148399,677
679,TITAN,91,81,405,440,859,714,7/2/2018 11:59:00 AM,99.1659581,61.5730663,679
680,BLUE,20,97,229,384,1000,741,5/2/2018 11:59:00 AM,21.0597039,54.640668,680
683,LEO,73,91,312,306,1004,750,10/2/2018 11:59:00 AM,65.7402517,79.3379404,683
685,MURPHY,63,79,227,243,700,546,1/2/2018 11:59:00 AM,77.9536,72.2927843,685
686,OSCAR,18,75,233,474,670,726,2/2/2018 11:59:00 AM,46.3760486,62.0545042,686
688,TUCKER,90,44,288,345,624,667,4/2/2018 11:59:00 AM,6.8773321,63.3657939,688
692,OLIVER,8,31,456,350,803,745,8/2/2018 11:59:00 AM,7.565924,80.9307983,692
695,spike,102,39,255,372,834,512,11/2/2018 11:59:00 AM,94.9704494,50.5381872,695
696,mamacat,82,84,373,189,965,964,12/2/2018 11:59:00 AM,24.2614429,55.1230044,696
698,miko,28,12,148,129,876,827,2/2/2018 11:59:00 AM,85.8244281,75.1973366,698
699,WINSTON,57,64,282,166,859,586,6/2/2018 11:59:00 AM,68.7610619,98.8867294,699
701,ANGEL,79,70,312,379,889,719,5/2/2018 11:59:00 AM,26.4511561,86.872192,701
707,CHEWY,76,48,422,243,724,721,10/2/2018 11:59:00 AM,10.8254052,84.0594983,707
708,HUNTER,10,107,382,193,832,680,12/2/2018 11:59:00 AM,55.5980838,99.9055475,708
709,JACKSON,57,63,290,413,789,832,1/2/2018 11:59:00 AM,39.1826569,65.9372039,709
710,MADDIE,79,60,324,363,724,550,2/2/2018 11:59:00 AM,55.1175707,80.8052027,710
711,OTIS,68,83,456,379,936,609,3/2/2018 11:59:00 AM,25.9369616,86.8087352,711
713,TEDDY,99,33,441,284,551,1004,5/2/2018 11:59:00 AM,63.8512072,93.6683748,713
716,MAX,13,28,468,131,725,671,8/2/2018 11:59:00 AM,46.1662432,95.4856889,716
720,DAISY,52,82,147,161,631,716,12/2/2018 11:59:00 AM,15.8260277,80.7476202,720
721,LUNA,103,95,264,489,666,880,1/2/2018 11:59:00 AM,76.6972485,87.6473231,721
723,MAGGIE,11,41,402,288,719,865,6/2/2018 11:59:00 AM,70.8363489,57.0220968,723
724,MOLLY,80,39,158,449,843,693,4/2/2018 11:59:00 AM,54.5141014,65.9125767,724
725,COOPER,91,82,437,355,848,700,5/2/2018 11:59:00 AM,15.8950467,84.9899809,725
727,JACK,70,78,207,205,818,846,7/2/2018 11:59:00 AM,60.6327128,82.8718693,727
728,WILLOW,51,71,430,486,675,961,5/2/2018 11:59:00 AM,53.6963596,76.987759,728
732,DUKE,23,23,147,502,814,653,12/2/2018 11:59:00 AM,3.4746318,90.1823991,732
733,KODA,36,101,268,361,866,874,1/2/2018 11:59:00 AM,61.3769603,79.3261855,733
734,ROCKY,32,98,176,185,852,818,2/2/2018 11:59:00 AM,70.3869731,89.3155466,734
738,DENALI,87,57,218,482,827,932,6/2/2018 11:59:00 AM,81.4722363,64.2152222,738
739,TOBY,66,63,263,507,696,662,7/2/2018 11:59:00 AM,16.9534223,98.7567148,739
740,JAKE,61,28,218,276,575,677,8/2/2018 11:59:00 AM,74.9263134,84.4956795,740
742,RUBY,43,91,470,180,672,725,10/2/2018 11:59:00 AM,33.0149265,55.7273734,742
743,ROXY,101,49,366,148,973,632,11/2/2018 11:59:00 AM,7.4309157,83.9669952,743
750,ROSIE,49,37,499,332,772,956,6/2/2018 11:59:00 AM,53.0299317,62.5590117,750
751,PEPPER,93,101,214,365,849,611,7/2/2018 11:59:00 AM,23.9550328,56.5518912,751
754,LADY,24,50,146,233,688,550,10/2/2018 11:59:00 AM,44.2040156,61.7288818,754
755,BANDIT,31,67,490,365,933,846,10/2/2018 11:59:00 AM,46.5895854,65.3650303,755
759,STELLA,77,38,311,405,964,541,3/2/2018 11:59:00 AM,2.2813803,51.2006692,759
760,YUKON,67,20,207,301,994,796,4/2/2018 11:59:00 AM,32.9547489,56.6862618,760
761,ZOEY,40,100,293,168,663,787,5/2/2018 11:59:00 AM,3.6126937,63.8583282,761
766,SCOUT,13,20,285,499,543,824,10/2/2018 11:59:00 AM,59.6302927,55.0089252,766
769,KONA,12,81,147,268,1002,944,1/2/2018 11:59:00 AM,94.0634031,87.0705003,769
770,RUGER,98,8,434,188,609,891,2/2/2018 11:59:00 AM,68.1795461,87.4983519,770
771,THOR,34,80,421,320,619,660,6/2/2018 11:59:00 AM,53.3343918,94.1318442,771
772,ZEUS,33,67,391,136,635,860,4/2/2018 11:59:00 AM,30.6008201,69.9638796,772
773,ATHENA,66,95,130,254,759,800,5/2/2018 11:59:00 AM,68.085639,79.2946256,773
774,ELLIE,43,94,307,125,716,712,6/2/2018 11:59:00 AM,47.8012514,96.6305452,774
776,LILLY,101,26,117,351,836,860,5/2/2018 11:59:00 AM,15.8982469,89.9832954,776
777,MILO,10,44,389,253,746,607,9/2/2018 11:59:00 AM,15.7267551,68.2590237,777
779,BLUE,21,98,230,385,1001,742,10/2/2018 11:59:00 AM,20.4205337,75.2346476,779
783,MINNIE,69,98,221,107,522,899,3/2/2018 11:59:00 AM,7.1136095,59.6792201,783
784,MURPHY,64,80,228,244,701,547,4/2/2018 11:59:00 AM,51.7723942,50.219816,784
787,TUCKER,91,45,289,346,625,668,7/2/2018 11:59:00 AM,35.8576699,65.5273799,787
788,KODIAK,16,99,277,331,596,633,8/2/2018 11:59:00 AM,68.346145,94.4485816,788
789,LOUIE,55,66,280,498,769,798,9/2/2018 11:59:00 AM,58.6018438,86.0888633,789
792,RANGER,73,36,479,163,864,638,12/2/2018 11:59:00 AM,99.3099657,99.0595021,792
793,slim,34,26,108,203,836,822,1/2/2018 11:59:00 AM,85.6549074,90.6233633,793
795,mamacat,83,85,374,190,966,965,6/2/2018 11:59:00 AM,58.5477295,69.0984214,795
796,babycat,71,91,347,270,628,728,4/2/2018 11:59:00 AM,80.3800348,95.4091844,796
798,WINSTON,58,65,283,167,860,587,6/2/2018 11:59:00 AM,91.3509217,57.7926299,798
802,EMMA,93,11,439,351,675,556,10/2/2018 11:59:00 AM,99.8917312,57.8993101,802
803,GIZMO,73,81,326,378,867,742,10/2/2018 11:59:00 AM,8.1781779,78.3019867,803
806,CHEWY,77,49,423,244,725,722,2/2/2018 11:59:00 AM,14.7532914,98.0517746,806
808,JACKSON,58,64,291,414,790,833,4/2/2018 11:59:00 AM,31.2270453,65.6933912,808
810,OTIS,69,84,457,380,937,610,6/2/2018 11:59:00 AM,46.8646343,93.3048602,810
812,TEDDY,100,34,442,285,552,1005,8/2/2018 11:59:00 AM,75.35749,94.6899113,812
814,BUDDY,94,107,477,246,933,908,10/2/2018 11:59:00 AM,77.5780042,68.7418026,814
816,SADIE,63,47,327,248,872,961,12/2/2018 11:59:00 AM,27.4472579,72.6512861,816
817,LUCY,23,38,378,185,786,789,1/2/2018 11:59:00 AM,94.2774371,90.4518229,817
820,LUNA,104,96,265,490,667,881,4/2/2018 11:59:00 AM,40.9080421,57.6955923,820
823,MOLLY,81,40,159,450,844,694,7/2/2018 11:59:00 AM,74.1260784,83.0052764,823
824,COOPER,92,83,438,356,849,701,5/2/2018 11:59:00 AM,7.3321121,99.0320899,824
826,JACK,71,79,208,206,819,847,10/2/2018 11:59:00 AM,13.9885075,63.9327124,826
829,BEAR,80,84,272,478,898,859,1/2/2018 11:59:00 AM,25.5063332,79.8400505,829
832,KODA,37,102,269,362,867,875,4/2/2018 11:59:00 AM,37.1167217,79.5512725,832
834,CHLOE,19,10,295,397,895,648,6/2/2018 11:59:00 AM,39.8052345,90.9506146,834
836,HARLEY,49,52,349,240,865,537,8/2/2018 11:59:00 AM,94.9462216,64.6109521,836
837,DENALI,88,58,219,483,828,933,9/2/2018 11:59:00 AM,1.8497063,60.2251669,837
838,TOBY,67,64,264,508,697,663,10/2/2018 11:59:00 AM,96.4599044,61.6413594,838
840,LOKI,63,9,311,347,525,552,12/2/2018 11:59:00 AM,35.7333528,59.1775107,840
841,RUBY,44,92,471,181,673,726,1/2/2018 11:59:00 AM,61.5213917,51.3390494,841
844,PENNY,25,41,160,166,826,606,4/2/2018 11:59:00 AM,94.9069421,75.5375999,844
845,RILEY,105,18,171,303,871,954,5/2/2018 11:59:00 AM,84.054548,99.7402249,845
846,SHADOW,91,73,435,204,570,742,6/2/2018 11:59:00 AM,0.1214467,52.8608983,846
847,SOPHIE,84,53,420,439,613,549,7/2/2018 11:59:00 AM,86.136057,56.6064287,847
849,ROSIE,50,38,500,333,773,957,9/2/2018 11:59:00 AM,36.4471,98.3634819,849
850,PEPPER,94,102,215,366,850,612,10/2/2018 11:59:00 AM,75.8314183,69.5524912,850
851,COCO,72,99,391,459,663,932,10/2/2018 11:59:00 AM,28.2556561,70.3552302,851
852,GUS,19,61,446,175,713,661,12/2/2018 11:59:00 AM,37.9051922,81.41259,852
857,PIPER,45,68,508,488,724,733,5/2/2018 11:59:00 AM,22.0240422,60.4821496,857
859,YUKON,68,21,208,302,995,797,7/2/2018 11:59:00 AM,0.2954891,74.3939913,859
860,ZOEY,41,101,294,169,664,788,8/2/2018 11:59:00 AM,82.579184,50.3874321,860
861,ANNIE,92,101,120,112,624,537,9/2/2018 11:59:00 AM,1.687502,93.6541502,861
862,BUSTER,48,67,254,243,921,662,10/2/2018 11:59:00 AM,17.8660128,66.5902119,862
863,SAM,56,51,466,405,837,544,11/2/2018 11:59:00 AM,72.2967509,74.1288088,863
866,BENTLEY,26,26,214,239,899,867,2/2/2018 11:59:00 AM,46.7926479,70.8436655,866
869,RUGER,99,9,435,189,610,892,5/2/2018 11:59:00 AM,69.2658487,55.3041074,869
871,ZEUS,34,68,392,137,636,861,7/2/2018 11:59:00 AM,26.0299774,58.0607262,871
874,FINN,97,20,459,484,571,863,10/2/2018 11:59:00 AM,86.0906801,58.9600848,874
876,MILO,11,45,390,254,747,608,12/2/2018 11:59:00 AM,25.5613357,53.5012896,876
877,TITAN,93,83,407,442,861,716,1/2/2018 11:59:00 AM,90.9090913,70.1508404,877
879,DAKOTA,89,22,231,179,659,731,3/2/2018 11:59:00 AM,4.6949098,81.1307514,879
880,KISKA,55,31,438,134,920,950,4/2/2018 11:59:00 AM,73.8735211,50.186528,880
881,LEO,75,93,314,308,1006,752,5/2/2018 11:59:00 AM,91.9609121,89.4509038,881
882,MINNIE,70,99,222,108,523,900,6/2/2018 11:59:00 AM,25.5954312,80.4309685,882
883,MURPHY,65,81,229,245,702,548,7/2/2018 11:59:00 AM,25.0881112,61.7428906,883
884,OSCAR,20,77,235,476,672,728,8/2/2018 11:59:00 AM,77.0771207,79.6375012,884
885,SASHA,31,94,115,338,993,557,9/2/2018 11:59:00 AM,1.3729619,59.1579638,885
891,RANGER,74,37,480,164,865,639,6/2/2018 11:59:00 AM,92.3169441,91.1081116,891
893,spike,104,41,257,374,836,514,5/2/2018 11:59:00 AM,94.6061633,87.7431152,893
899,ANGEL,81,72,314,381,891,721,10/2/2018 11:59:00 AM,46.0586288,57.7591798,899
901,EMMA,94,12,440,352,676,557,1/2/2018 11:59:00 AM,34.1725209,81.3747654,901
904,CHANCE,53,89,496,392,838,754,4/2/2018 11:59:00 AM,4.2389434,81.841888,904
905,CHEWY,78,50,424,245,726,723,5/2/2018 11:59:00 AM,26.9668825,73.5914555,905
906,HUNTER,12,109,384,195,834,682,6/2/2018 11:59:00 AM,17.9663837,97.1166102,906
909,OTIS,70,85,458,381,938,611,9/2/2018 11:59:00 AM,28.2071543,99.7248059,909
911,TEDDY,101,35,443,286,553,1006,11/2/2018 11:59:00 AM,50.1435839,68.1696341,911
914,MAX,15,30,470,133,727,673,2/2/2018 11:59:00 AM,2.7073932,72.5247564,914
915,SADIE,64,48,328,249,873,962,6/2/2018 11:59:00 AM,93.1206465,94.7646054,915
916,LUCY,24,39,379,186,787,790,4/2/2018 11:59:00 AM,41.6445305,92.3614151,916
917,BAILEY,95,61,436,223,897,582,5/2/2018 11:59:00 AM,39.4312494,50.3887215,917
919,LUNA,105,97,266,491,668,882,7/2/2018 11:59:00 AM,41.0794263,51.5730056,919
920,CHARLIE,74,104,289,317,773,868,5/2/2018 11:59:00 AM,12.0264179,81.9640965,920
923,COOPER,93,84,439,357,850,702,10/2/2018 11:59:00 AM,12.6588232,93.3811952,923
924,GINGER,16,9,427,417,581,886,12/2/2018 11:59:00 AM,28.6819581,95.6117869,924
926,WILLOW,53,73,432,488,677,963,2/2/2018 11:59:00 AM,94.0552003,79.3674375,926
927,ABBY,21,39,260,309,833,606,3/2/2018 11:59:00 AM,97.5821882,74.2320063,927
928,BEAR,81,85,273,479,899,860,4/2/2018 11:59:00 AM,56.2965506,93.409957,928
932,ROCKY,34,100,178,187,854,820,8/2/2018 11:59:00 AM,23.7984573,64.9914837,932
933,CHLOE,20,11,296,398,896,649,9/2/2018 11:59:00 AM,82.998968,80.1796267,933
936,DENALI,89,59,220,484,829,934,12/2/2018 11:59:00 AM,72.0050444,73.4804468,936
940,RUBY,45,93,472,182,674,727,4/2/2018 11:59:00 AM,62.0306886,52.4182601,940
941,ROXY,103,51,368,150,975,634,5/2/2018 11:59:00 AM,47.6554314,68.7269405,941
942,LUCKY,94,89,456,395,780,987,6/2/2018 11:59:00 AM,65.9147392,73.5828054,942
944,RILEY,106,19,172,304,872,955,5/2/2018 11:59:00 AM,94.3432592,59.617781,944
949,PEPPER,95,103,216,367,851,613,1/2/2018 11:59:00 AM,55.2726023,78.0241228,949
952,LADY,26,52,148,235,690,552,4/2/2018 11:59:00 AM,52.4022393,86.7409653,952
953,BANDIT,33,69,492,367,935,848,5/2/2018 11:59:00 AM,96.8307289,89.6247319,953
954,GRACIE,25,78,116,435,576,665,6/2/2018 11:59:00 AM,76.1712792,77.0899067,954
955,JASPER,79,21,233,463,782,601,7/2/2018 11:59:00 AM,69.6187688,75.0440792,955
956,PIPER,46,69,509,489,725,734,8/2/2018 11:59:00 AM,78.7610629,74.7988828,956
957,STELLA,79,40,313,407,966,543,9/2/2018 11:59:00 AM,7.8286765,67.6835684,957
958,YUKON,69,22,209,303,996,798,10/2/2018 11:59:00 AM,83.5768276,99.6864796,958
959,ZOEY,42,102,295,170,665,789,11/2/2018 11:59:00 AM,56.6698332,94.6719443,959
960,ANNIE,93,102,121,113,625,538,12/2/2018 11:59:00 AM,88.7353207,74.458619,960
962,SAM,57,52,467,406,838,545,2/2/2018 11:59:00 AM,9.4069398,54.2794776,962
963,MARLEY,54,71,422,378,612,815,6/2/2018 11:59:00 AM,91.7194763,81.5246257,963
965,BENTLEY,27,27,215,240,900,868,5/2/2018 11:59:00 AM,53.5588397,78.9494047,965
966,DIESEL,36,99,474,435,730,580,6/2/2018 11:59:00 AM,80.8727156,86.1645406,966
967,KONA,14,83,149,270,1004,946,7/2/2018 11:59:00 AM,36.2856661,54.6483348,967
969,THOR,36,82,423,322,621,662,9/2/2018 11:59:00 AM,62.9132898,99.0796327,969
976,TITAN,94,84,408,443,862,717,4/2/2018 11:59:00 AM,82.4860596,95.5002531,976
979,KISKA,56,32,439,135,921,951,7/2/2018 11:59:00 AM,98.0581583,88.2595367,979
984,SASHA,32,95,116,339,994,558,12/2/2018 11:59:00 AM,97.226848,97.0994989,984
985,TUCKER,93,47,291,348,627,670,1/2/2018 11:59:00 AM,24.679,85.8470391,985
986,KODIAK,18,101,279,333,598,635,2/2/2018 11:59:00 AM,46.7687209,87.9101804,986
988,NALA,99,62,436,214,563,797,4/2/2018 11:59:00 AM,9.2534182,79.5229375,988
989,OLIVER,11,34,459,353,806,748,5/2/2018 11:59:00 AM,92.3155549,87.1920257,989
991,slim,36,28,110,205,838,824,7/2/2018 11:59:00 AM,38.5913704,82.5313053,991
993,mamacat,85,87,376,192,968,967,9/2/2018 11:59:00 AM,75.2660917,75.2212612,993
995,miko,31,15,151,132,879,830,10/2/2018 11:59:00 AM,10.298582,86.6811311,995
996,WINSTON,60,67,285,169,862,589,12/2/2018 11:59:00 AM,12.9543325,64.981604,996